id,post,Outer Regional Australia,Remote Australia,Very Remote Australia,Major Cities of Australia,Inner Regional Australia,ra_code,ra,sa1_mean_decile,mean_sa2_decile
1,6230,0,0,0,0,99.99,51,Inner Regional Australia,4.632075471698113,4.8
2,3124,0,0,0,100,0,20,Major Cities of Australia,9.349397590361447,9
3,3134,0,0,0,100,0,20,Major Cities of Australia,7.288135593220339,8.6
4,2572,0,0,0,0,100,11,Inner Regional Australia,6.333333333333333,7.333333333333333
5,3078,0,0,0,100,0,20,Major Cities of Australia,8.387755102040817,9
6,2262,0,0,0,99.72,0.03,10,Major Cities of Australia,2.8793103448275863,3.75
7,3082,0,0,0,100,0,20,Major Cities of Australia,4.947916666666667,4.75
8,2284,0,0,0,99.72,0,10,Major Cities of Australia,3.9285714285714284,4.6
9,NA,NA,NA,NA,NA,NA,NA,NA,NA,NA
10,7109,98.98,0.01,0,0,0.96,62,Outer Regional Australia,4.28125,3.6
11,3130,0,0,0,100,0,20,Major Cities of Australia,7.381443298969073,7.1
12,3555,0,0,0,0,100,21,Inner Regional Australia,3.8983050847457625,5.4
13,3071,0,0,0,100,0,20,Major Cities of Australia,6.492307692307692,7.375
14,NA,NA,NA,NA,NA,NA,NA,NA,NA,NA
15,NA,NA,NA,NA,NA,NA,NA,NA,NA,NA
16,NA,NA,NA,NA,NA,NA,NA,NA,NA,NA
17,3070,0,0,0,100,0,20,Major Cities of Australia,7.368421052631579,8.5
18,3352,1.78,0,0,0,98.22,21,Inner Regional Australia,5.9245283018867925,4.705882352941177
19,3462,0,0,0,0,100,21,Inner Regional Australia,4.5,5
20,4680,67.95,12.26,0,0,19.77,32,Outer Regional Australia,4.371212121212121,3.8
21,3075,0,0,0,100,0,20,Major Cities of Australia,1.8676470588235294,3.6666666666666665
22,3057,0,0,0,100,0,20,Major Cities of Australia,7.3023255813953485,7.857142857142857
23,5066,0,0,0,100,0,40,Major Cities of Australia,9.117647058823529,9.6
24,3213,0,0,0,4.68,95.32,21,Inner Regional Australia,5.3076923076923075,5
25,3013,0,0,0,100,0,20,Major Cities of Australia,7.659090909090909,6.166666666666667
26,2263,0,0,0,99.49,0,10,Major Cities of Australia,2.878787878787879,3.5714285714285716
27,3081,0,0,0,100,0,20,Major Cities of Australia,4.558139534883721,5.857142857142857
28,3756,0,0,0,8.95,91.05,21,Inner Regional Australia,6.133333333333334,6.333333333333333
29,3183,0,0,0,100,0,20,Major Cities of Australia,8.015384615384615,9
30,3049,0,0,0,100,0,20,Major Cities of Australia,4.390243902439025,3.857142857142857
31,3082,0,0,0,100,0,20,Major Cities of Australia,4.947916666666667,4.75
32,3039,0,0,0,100,0,20,Major Cities of Australia,7.877551020408164,7.6
33,3058,0,0,0,100,0,20,Major Cities of Australia,5.474747474747475,6.083333333333333
34,3550,0,0,0,0,100,21,Inner Regional Australia,4.259541984732825,5.2
35,3078,0,0,0,100,0,20,Major Cities of Australia,8.387755102040817,9
36,4122,0,0,0,100,0,30,Major Cities of Australia,6.768,7.538461538461538
37,3551,0,0,0,0,100,21,Inner Regional Australia,6.2155172413793105,4.466666666666667
38,810,99.86,0,0,0,0,72,Outer Regional Australia,6.506172839506172,6.294117647058823
39,3551,0,0,0,0,100,21,Inner Regional Australia,6.2155172413793105,4.466666666666667
40,3551,0,0,0,0,100,21,Inner Regional Australia,6.2155172413793105,4.466666666666667
41,3550,0,0,0,0,100,21,Inner Regional Australia,4.259541984732825,5.2
42,3551,0,0,0,0,100,21,Inner Regional Australia,6.2155172413793105,4.466666666666667
43,NA,NA,NA,NA,NA,NA,NA,NA,NA,NA
44,3551,0,0,0,0,100,21,Inner Regional Australia,6.2155172413793105,4.466666666666667
45,3480,100,0,0,0,0,22,Outer Regional Australia,5.142857142857143,2.6666666666666665
46,2612,0,0,0,100,0,80,Major Cities of Australia,8.26530612244898,8.727272727272727
47,3450,0,0,0,0,100,21,Inner Regional Australia,4.37037037037037,4.5
48,3551,0,0,0,0,100,21,Inner Regional Australia,6.2155172413793105,4.466666666666667
49,3677,0,0,0,0,100,21,Inner Regional Australia,4.2407407407407405,5
50,3678,42.21,0,0,0,57.79,21,Inner Regional Australia,6.081632653061225,5.222222222222222
51,7150,87.93,0,0,0,11.92,62,Outer Regional Australia,6.230769230769231,5.2
52,NA,NA,NA,NA,NA,NA,NA,NA,NA,NA
53,3550,0,0,0,0,100,21,Inner Regional Australia,4.259541984732825,5.2
54,3451,0,0,0,0,100,21,Inner Regional Australia,4.888888888888889,4.666666666666667
55,3556,0,0,0,0,100,21,Inner Regional Australia,3.4651162790697674,4.714285714285714
56,3555,0,0,0,0,100,21,Inner Regional Australia,3.8983050847457625,5.4
57,6054,0,0,0,99.99,0,50,Major Cities of Australia,4.532258064516129,5
58,3765,0,0,0,100,0,20,Major Cities of Australia,7.666666666666667,7.571428571428571
59,3550,0,0,0,0,100,21,Inner Regional Australia,4.259541984732825,5.2
60,3442,0,0,0,0,100,21,Inner Regional Australia,7.896551724137931,8
61,3083,0,0,0,100,0,20,Major Cities of Australia,5.388349514563107,4.9
62,NA,NA,NA,NA,NA,NA,NA,NA,NA,NA
63,3480,100,0,0,0,0,22,Outer Regional Australia,5.142857142857143,2.6666666666666665
64,3480,100,0,0,0,0,22,Outer Regional Australia,5.142857142857143,2.6666666666666665
65,3431,0,0,0,0,100,21,Inner Regional Australia,8,8
66,3174,0,0,0,100,0,20,Major Cities of Australia,2.1964285714285716,2.4444444444444446
67,3931,0,0,0,99.84,0,20,Major Cities of Australia,6.064516129032258,8
68,3550,0,0,0,0,100,21,Inner Regional Australia,4.259541984732825,5.2
69,3551,0,0,0,0,100,21,Inner Regional Australia,6.2155172413793105,4.466666666666667
70,NA,NA,NA,NA,NA,NA,NA,NA,NA,NA
71,2650,28.62,0,0,0,71.38,11,Inner Regional Australia,5.536144578313253,4.181818181818182
72,5007,0,0,0,100,0,40,Major Cities of Australia,4.0285714285714285,5.6
73,3550,0,0,0,0,100,21,Inner Regional Australia,4.259541984732825,5.2
74,3556,0,0,0,0,100,21,Inner Regional Australia,3.4651162790697674,4.714285714285714
75,3550,0,0,0,0,100,21,Inner Regional Australia,4.259541984732825,5.2
76,3013,0,0,0,100,0,20,Major Cities of Australia,7.659090909090909,6.166666666666667
77,3550,0,0,0,0,100,21,Inner Regional Australia,4.259541984732825,5.2
78,3551,0,0,0,0,100,21,Inner Regional Australia,6.2155172413793105,4.466666666666667
79,3550,0,0,0,0,100,21,Inner Regional Australia,4.259541984732825,5.2
80,3551,0,0,0,0,100,21,Inner Regional Australia,6.2155172413793105,4.466666666666667
81,6230,0,0,0,0,99.99,51,Inner Regional Australia,4.632075471698113,4.8
82,2640,36.260000000000005,0,0,0,63.730000000000004,11,Inner Regional Australia,5.5701754385964914,4.090909090909091
83,3550,0,0,0,0,100,21,Inner Regional Australia,4.259541984732825,5.2
84,6019,0,0,0,99.93,0,50,Major Cities of Australia,8.797101449275363,9.428571428571429
85,3073,0,0,0,100,0,20,Major Cities of Australia,3.576923076923077,3.3636363636363638
86,3551,0,0,0,0,100,21,Inner Regional Australia,6.2155172413793105,4.466666666666667
87,3070,0,0,0,100,0,20,Major Cities of Australia,7.368421052631579,8.5
88,3223,0,0,0,0,99.9,21,Inner Regional Australia,4.052631578947368,6
89,3550,0,0,0,0,100,21,Inner Regional Australia,4.259541984732825,5.2
90,3145,0,0,0,100,0,20,Major Cities of Australia,8.189473684210526,8.583333333333334
91,3551,0,0,0,0,100,21,Inner Regional Australia,6.2155172413793105,4.466666666666667
92,6151,0,0,0,99.74,0,50,Major Cities of Australia,8.125,6.6
93,3550,0,0,0,0,100,21,Inner Regional Australia,4.259541984732825,5.2
94,4020,0,0,0,99.82,0,30,Major Cities of Australia,4.5,3.25
95,3165,0,0,0,100,0,20,Major Cities of Australia,7.662337662337662,7.6
96,3166,0,0,0,100,0,20,Major Cities of Australia,6.476744186046512,7.625
97,3160,0,0,0,100,0,20,Major Cities of Australia,7.925,8.75
98,NA,NA,NA,NA,NA,NA,NA,NA,NA,NA
99,3078,0,0,0,100,0,20,Major Cities of Australia,8.387755102040817,9
100,2534,0,0,0,0,99.94,11,Inner Regional Australia,8.210526315789474,7.666666666666667
101,3011,0,0,0,100,0,20,Major Cities of Australia,5.333333333333333,6.333333333333333
102,3031,0,0,0,100,0,20,Major Cities of Australia,6.533333333333333,5.857142857142857
103,3000,0,0,0,100,0,20,Major Cities of Australia,4.931034482758621,6.625
104,3183,0,0,0,100,0,20,Major Cities of Australia,8.015384615384615,9
105,3108,0,0,0,100,0,20,Major Cities of Australia,6.615384615384615,8
106,3440,0,0,0,0,100,21,Inner Regional Australia,9,9.333333333333334
107,3081,0,0,0,100,0,20,Major Cities of Australia,4.558139534883721,5.857142857142857
108,3082,0,0,0,100,0,20,Major Cities of Australia,4.947916666666667,4.75
109,2601,0,0,0,100,0,80,Major Cities of Australia,8.9,9
110,3232,0,0,0,0,99.98,21,Inner Regional Australia,7,6
111,NA,NA,NA,NA,NA,NA,NA,NA,NA,NA
112,3183,0,0,0,100,0,20,Major Cities of Australia,8.015384615384615,9
113,3356,0,0,0,0,100,21,Inner Regional Australia,3.0444444444444443,5.6
114,3070,0,0,0,100,0,20,Major Cities of Australia,7.368421052631579,8.5
115,3977,0,0,0,78.19,21.8,20,Major Cities of Australia,5.135371179039302,5.666666666666667
116,3551,0,0,0,0,100,21,Inner Regional Australia,6.2155172413793105,4.466666666666667
117,NA,NA,NA,NA,NA,NA,NA,NA,NA,NA
118,3101,0,0,0,100,0,20,Major Cities of Australia,9.117647058823529,9.3
119,NA,NA,NA,NA,NA,NA,NA,NA,NA,NA
120,2480,0,0,0,0,100,11,Inner Regional Australia,4.248322147651007,3.7
121,NA,NA,NA,NA,NA,NA,NA,NA,NA,NA
122,7011,0,0,0,0,99.93,61,Inner Regional Australia,3.24,2.8
123,3305,99.98,0,0,0,0,22,Outer Regional Australia,3.8,3
124,3182,0,0,0,99.68,0,20,Major Cities of Australia,7.6923076923076925,9
125,3690,0,0,0,0,100,21,Inner Regional Australia,4.616279069767442,4.6
126,NA,NA,NA,NA,NA,NA,NA,NA,NA,NA
127,3028,0,0,0,99.92,0,20,Major Cities of Australia,4.475609756097561,6.5
128,3088,0,0,0,100,0,20,Major Cities of Australia,8.209523809523809,8.555555555555555
129,NA,NA,NA,NA,NA,NA,NA,NA,NA,NA
130,3073,0,0,0,100,0,20,Major Cities of Australia,3.576923076923077,3.3636363636363638
131,3338,0,0,0,36.67,63.33,21,Inner Regional Australia,3.404255319148936,4
132,2620,0,0,0,3.8000000000000003,96.19999999999999,11,Inner Regional Australia,7.280575539568345,7.588235294117647
133,4221,0,0,0,99.85,0,30,Major Cities of Australia,5.8765432098765435,6.333333333333333
134,3075,0,0,0,100,0,20,Major Cities of Australia,1.8676470588235294,3.6666666666666665
135,2350,95.01,0,0,0,4.99,12,Outer Regional Australia,5.232876712328767,3.3333333333333335
136,2119,0,0,0,100,0,10,Major Cities of Australia,9.581395348837209,9.25
137,3058,0,0,0,100,0,20,Major Cities of Australia,5.474747474747475,6.083333333333333
138,3094,0,0,0,100,0,20,Major Cities of Australia,8.621621621621621,9.25
139,820,99.88,0,0,0,0,72,Outer Regional Australia,7.6909090909090905,7
140,3564,0.02,0,0,0,99.97999999999999,21,Inner Regional Australia,4.816666666666666,3.875
141,3564,0.02,0,0,0,99.97999999999999,21,Inner Regional Australia,4.816666666666666,3.875
142,2560,0,0,0,25.44,74.56,11,Inner Regional Australia,4.082901554404145,5.384615384615385
143,6230,0,0,0,0,99.99,51,Inner Regional Australia,4.632075471698113,4.8
144,7050,0,0,0,0,100,61,Inner Regional Australia,6.333333333333333,7.666666666666667
145,5290,0,0,0,0,100,41,Inner Regional Australia,3.8358208955223883,2.5
146,NA,NA,NA,NA,NA,NA,NA,NA,NA,NA
147,NA,NA,NA,NA,NA,NA,NA,NA,NA,NA
148,2089,0,0,0,98.61,0,10,Major Cities of Australia,9.457142857142857,10
149,2040,0,0,0,99.72,0,10,Major Cities of Australia,8.35,8.8
150,2569,0,0,0,24.49,75.51,11,Inner Regional Australia,7.888888888888889,9
151,2560,0,0,0,25.44,74.56,11,Inner Regional Australia,4.082901554404145,5.384615384615385
152,3044,0,0,0,100,0,20,Major Cities of Australia,6.488888888888889,6.444444444444445
153,3875,100,0,0,0,0,22,Outer Regional Australia,4.126984126984127,4
154,3004,0,0,0,100,0,20,Major Cities of Australia,9.05,8.666666666666666
155,3550,0,0,0,0,100,21,Inner Regional Australia,4.259541984732825,5.2
156,5333,100,0,0,0,0,42,Outer Regional Australia,4,3.25
157,3698,86.11,0,0,0,13.89,22,Outer Regional Australia,6.5,6
158,3056,0,0,0,100,0,20,Major Cities of Australia,6.917808219178082,7.833333333333333
159,2614,0,0,0,100,0,80,Major Cities of Australia,7.703125,8.076923076923077
160,3201,0,0,0,100,0,20,Major Cities of Australia,4.75,5
161,NA,NA,NA,NA,NA,NA,NA,NA,NA,NA
162,2100,0,0,0,100,0,10,Major Cities of Australia,8.451219512195122,9.4
163,2756,70.92,0,0,6.43,22.64,12,Outer Regional Australia,5.9,6.909090909090909
164,2340,78.87,0,0,0,21.13,12,Outer Regional Australia,4.608391608391608,3.25
165,5260,0.01,0,0,0,99.99,41,Inner Regional Australia,2.727272727272727,3.5
166,3043,0,0,0,100,0,20,Major Cities of Australia,4.311475409836065,5.888888888888889
167,NA,NA,NA,NA,NA,NA,NA,NA,NA,NA
168,3147,0,0,0,100,0,20,Major Cities of Australia,7.730769230769231,9
169,5024,0,0,0,99.81,0,40,Major Cities of Australia,6.4,6.142857142857143
170,6003,0,0,0,100,0,50,Major Cities of Australia,6.571428571428571,8.5
171,3011,0,0,0,100,0,20,Major Cities of Australia,5.333333333333333,6.333333333333333
172,2583,63.22,0,0,0,36.78,12,Outer Regional Australia,4.541666666666667,5
173,3809,0,0,0,58.8,41.2,20,Major Cities of Australia,7.111111111111111,6.714285714285714
174,3690,0,0,0,0,100,21,Inner Regional Australia,4.616279069767442,4.6
175,NA,NA,NA,NA,NA,NA,NA,NA,NA,NA
176,5096,0,0,0,100,0,40,Major Cities of Australia,4.7272727272727275,4
177,7010,0,0,0,0,99.84,61,Inner Regional Australia,2.4166666666666665,2.8333333333333335
178,3451,0,0,0,0,100,21,Inner Regional Australia,4.888888888888889,4.666666666666667
179,3088,0,0,0,100,0,20,Major Cities of Australia,8.209523809523809,8.555555555555555
180,3810,0,0,0,45.54,54.46,21,Inner Regional Australia,5.083333333333333,6.5
181,2749,0,0,0,100,0,10,Major Cities of Australia,6.0344827586206895,6
182,NA,NA,NA,NA,NA,NA,NA,NA,NA,NA
183,3084,0,0,0,100,0,20,Major Cities of Australia,8.506024096385541,7.875
184,2142,0,0,0,100,0,10,Major Cities of Australia,2.642857142857143,3.2
185,3072,0,0,0,100,0,20,Major Cities of Australia,4.549450549450549,5
186,6069,0,0,0,73.8,26.2,50,Major Cities of Australia,6.118279569892473,6.8
187,870,0,100,0,0,0,73,Remote Australia,5.586206896551724,4.571428571428571
188,3977,0,0,0,78.19,21.8,20,Major Cities of Australia,5.135371179039302,5.666666666666667
189,3570,13.07,0,0,0,86.93,21,Inner Regional Australia,5.090909090909091,4.333333333333333
190,3070,0,0,0,100,0,20,Major Cities of Australia,7.368421052631579,8.5
191,3042,0,0,0,100,0,20,Major Cities of Australia,6.384615384615385,8
192,3078,0,0,0,100,0,20,Major Cities of Australia,8.387755102040817,9
193,NA,NA,NA,NA,NA,NA,NA,NA,NA,NA
194,3095,0,0,0,100,0,20,Major Cities of Australia,9.267326732673267,9.571428571428571
195,5277,100,0,0,0,0,42,Outer Regional Australia,5.25,4.5
196,NA,NA,NA,NA,NA,NA,NA,NA,NA,NA
197,5007,0,0,0,100,0,40,Major Cities of Australia,4.0285714285714285,5.6
198,NA,NA,NA,NA,NA,NA,NA,NA,NA,NA
199,NA,NA,NA,NA,NA,NA,NA,NA,NA,NA
200,3161,0,0,0,100,0,20,Major Cities of Australia,8.642857142857142,9.375
201,2611,52.11,0,0,1.75,46.14,12,Outer Regional Australia,8.454545454545455,8.578947368421053
202,3212,0,0,0,27.48,72.47,21,Inner Regional Australia,5.7317073170731705,4
203,9999,NA,NA,NA,NA,NA,NA,NA,NA,NA
204,3085,0,0,0,100,0,20,Major Cities of Australia,7.6923076923076925,7.125
205,NA,NA,NA,NA,NA,NA,NA,NA,NA,NA
206,3350,0,0,0,0,100,21,Inner Regional Australia,5.228395061728395,5.125
207,3429,0,0,0,50.38,49.62,20,Major Cities of Australia,6.163043478260869,7.666666666666667
208,2830,92.28,0,0,0,7.72,12,Outer Regional Australia,4.716814159292035,3
209,3170,0,0,0,100,0,20,Major Cities of Australia,5.75,6
210,3040,0,0,0,100,0,20,Major Cities of Australia,8.182795698924732,8.125
211,3658,0,0,0,0,100,21,Inner Regional Australia,5.129032258064516,6
212,6562,0,0,0,0,100,51,Inner Regional Australia,5,4.5
213,5159,0,0,0,99.9,0.1,40,Major Cities of Australia,7.303921568627451,8.2
214,7310,88.51,0,0,0,11.44,62,Outer Regional Australia,3.2,3.3
215,3049,0,0,0,100,0,20,Major Cities of Australia,4.390243902439025,3.857142857142857
216,3043,0,0,0,100,0,20,Major Cities of Australia,4.311475409836065,5.888888888888889
217,NA,NA,NA,NA,NA,NA,NA,NA,NA,NA
218,3134,0,0,0,100,0,20,Major Cities of Australia,7.288135593220339,8.6
219,3350,0,0,0,0,100,21,Inner Regional Australia,5.228395061728395,5.125
220,3021,0,0,0,100,0,20,Major Cities of Australia,1.7417218543046358,3.3076923076923075
221,3087,0,0,0,100,0,20,Major Cities of Australia,7.075,7.833333333333333
222,3158,0,0,0,100,0,20,Major Cities of Australia,7.967741935483871,8.8
223,NA,NA,NA,NA,NA,NA,NA,NA,NA,NA
224,5280,99.99,0,0,0,0,42,Outer Regional Australia,4.166666666666667,4.166666666666667
225,2450,57.23,0,0,0,42.76,12,Outer Regional Australia,4.340579710144928,3.7
226,7140,14.83,84.01,0,0,1.14,63,Remote Australia,2.893617021276596,2.1666666666666665
227,2614,0,0,0,100,0,80,Major Cities of Australia,7.703125,8.076923076923077
228,3741,100,0,0,0,0,22,Outer Regional Australia,5.105263157894737,5.5
229,3691,39.64,0,0,0,60.35,21,Inner Regional Australia,7.105263157894737,5.2
230,3450,0,0,0,0,100,21,Inner Regional Australia,4.37037037037037,4.5
231,3690,0,0,0,0,100,21,Inner Regional Australia,4.616279069767442,4.6
232,3215,0,0,0,99.91,0.05,20,Major Cities of Australia,3.925373134328358,3.5
233,4870,99.99,0,0,0,0,32,Outer Regional Australia,4.916256157635468,4.142857142857143
234,5125,0,0,0,100,0,40,Major Cities of Australia,6.892307692307693,6.75
235,3078,0,0,0,100,0,20,Major Cities of Australia,8.387755102040817,9
236,3212,0,0,0,27.48,72.47,21,Inner Regional Australia,5.7317073170731705,4
237,NA,NA,NA,NA,NA,NA,NA,NA,NA,NA
238,3078,0,0,0,100,0,20,Major Cities of Australia,8.387755102040817,9
239,3084,0,0,0,100,0,20,Major Cities of Australia,8.506024096385541,7.875
240,3073,0,0,0,100,0,20,Major Cities of Australia,3.576923076923077,3.3636363636363638
241,2045,0,0,0,99.95,0,10,Major Cities of Australia,7.666666666666667,8.2
242,3012,0,0,0,100,0,20,Major Cities of Australia,4.98936170212766,5
243,3450,0,0,0,0,100,21,Inner Regional Australia,4.37037037037037,4.5
244,3183,0,0,0,100,0,20,Major Cities of Australia,8.015384615384615,9
245,7011,0,0,0,0,99.93,61,Inner Regional Australia,3.24,2.8
246,6076,0,0,0,41.2,58.8,51,Inner Regional Australia,7.833333333333333,6.9
247,3187,0,0,0,100,0,20,Major Cities of Australia,8.712121212121213,9
248,3094,0,0,0,100,0,20,Major Cities of Australia,8.621621621621621,9.25
249,3977,0,0,0,78.19,21.8,20,Major Cities of Australia,5.135371179039302,5.666666666666667
250,NA,NA,NA,NA,NA,NA,NA,NA,NA,NA
251,3081,0,0,0,100,0,20,Major Cities of Australia,4.558139534883721,5.857142857142857
252,2170,0,0,0,100,0,10,Major Cities of Australia,3.7335766423357666,3.5
253,5254,0,0,0,0,100,41,Inner Regional Australia,5.083333333333333,4.666666666666667
254,NA,NA,NA,NA,NA,NA,NA,NA,NA,NA
255,3082,0,0,0,100,0,20,Major Cities of Australia,4.947916666666667,4.75
256,6720,0,99.24,0,0,0,53,Remote Australia,5.857142857142857,4
257,2428,0,0,0,0,99.99,11,Inner Regional Australia,3.2686567164179103,2.75
258,2469,89.4,0,0,0,10.6,12,Outer Regional Australia,2.625,2.5714285714285716
259,2088,0,0,0,99.17,0,10,Major Cities of Australia,9.472222222222221,10
260,3113,0,0,0,100,0,20,Major Cities of Australia,9.567567567567568,9.666666666666666
261,2560,0,0,0,25.44,74.56,11,Inner Regional Australia,4.082901554404145,5.384615384615385
262,2267,0,0,0,98.4,0,10,Major Cities of Australia,5.5,4.333333333333333
263,2122,0,0,0,100,0,10,Major Cities of Australia,7.118811881188119,7.9
264,NA,NA,NA,NA,NA,NA,NA,NA,NA,NA
265,NA,NA,NA,NA,NA,NA,NA,NA,NA,NA
266,2536,0,0,0,0,99.98,11,Inner Regional Australia,4.068965517241379,4.5
267,3824,0,0,0,0,100,21,Inner Regional Australia,5.36,4.2
268,2773,0,0,0,99.65,0.35,10,Major Cities of Australia,8.777777777777779,8.5
269,2623,0.01,0,0,0,99.99,11,Inner Regional Australia,7,8
270,3128,0,0,0,100,0,20,Major Cities of Australia,6.161764705882353,7.5
271,2540,0,0,0,0,99.98,11,Inner Regional Australia,4.38,4.5
272,2008,0,0,0,100,0,10,Major Cities of Australia,4.67741935483871,6.166666666666667
273,4510,0,0,0,68.46,31.51,30,Major Cities of Australia,3.484848484848485,5.333333333333333
274,6069,0,0,0,73.8,26.2,50,Major Cities of Australia,6.118279569892473,6.8
275,2147,0,0,0,100,0,10,Major Cities of Australia,5.833333333333333,6.875
276,3212,0,0,0,27.48,72.47,21,Inner Regional Australia,5.7317073170731705,4
277,2620,0,0,0,3.8000000000000003,96.19999999999999,11,Inner Regional Australia,7.280575539568345,7.588235294117647
278,3057,0,0,0,100,0,20,Major Cities of Australia,7.3023255813953485,7.857142857142857
279,NA,NA,NA,NA,NA,NA,NA,NA,NA,NA
280,4055,0,0,0,100,0,30,Major Cities of Australia,8.781609195402298,9.125
281,3451,0,0,0,0,100,21,Inner Regional Australia,4.888888888888889,4.666666666666667
282,3496,99.99,0.01,0,0,0,22,Outer Regional Australia,3.6785714285714284,3.4285714285714284
283,4814,100,0,0,0,0,32,Outer Regional Australia,4.924050632911392,4.588235294117647
284,3111,0,0,0,100,0,20,Major Cities of Australia,8.263157894736842,8.444444444444445
285,2041,0,0,0,100,0,10,Major Cities of Australia,9.166666666666666,10
286,3079,0,0,0,100,0,20,Major Cities of Australia,8.169491525423728,7.818181818181818
287,3183,0,0,0,100,0,20,Major Cities of Australia,8.015384615384615,9
288,3191,0,0,0,99.76,0,20,Major Cities of Australia,9.181818181818182,9.333333333333334
289,NA,NA,NA,NA,NA,NA,NA,NA,NA,NA
290,NA,NA,NA,NA,NA,NA,NA,NA,NA,NA
291,3057,0,0,0,100,0,20,Major Cities of Australia,7.3023255813953485,7.857142857142857
292,NA,NA,NA,NA,NA,NA,NA,NA,NA,NA
293,4101,0,0,0,100,0,30,Major Cities of Australia,6.333333333333333,6.6
294,3095,0,0,0,100,0,20,Major Cities of Australia,9.267326732673267,9.571428571428571
295,5223,0,99.98,0,0,0,43,Remote Australia,3.5833333333333335,4
296,2085,0,0,0,100,0,10,Major Cities of Australia,9.384615384615385,10
297,3505,100,0,0,0,0,22,Outer Regional Australia,3.6153846153846154,3.2
298,3079,0,0,0,100,0,20,Major Cities of Australia,8.169491525423728,7.818181818181818
299,2582,9.04,0,0,0,90.96,11,Inner Regional Australia,7.355555555555555,5
300,2480,0,0,0,0,100,11,Inner Regional Australia,4.248322147651007,3.7
301,2758,0.01,0,0,0,99.99,11,Inner Regional Australia,7.923076923076923,6.333333333333333
302,2102,0,0,0,99.87,0,10,Major Cities of Australia,8.64,10
303,3123,0,0,0,100,0,20,Major Cities of Australia,8.952380952380953,9.857142857142858
304,3350,0,0,0,0,100,21,Inner Regional Australia,5.228395061728395,5.125
305,NA,NA,NA,NA,NA,NA,NA,NA,NA,NA
306,6163,0,0,0,100,0,50,Major Cities of Australia,5.4935064935064934,6.866666666666666
307,6210,0,0,0,99.84,0,50,Major Cities of Australia,4.035502958579881,4.333333333333333
308,5034,0,0,0,100,0,40,Major Cities of Australia,7.627906976744186,6.375
309,4272,0,0,0,85.61,14.39,30,Major Cities of Australia,6.608695652173913,6.666666666666667
310,2779,0,0,0,99.73,0.27,10,Major Cities of Australia,6.625,7
311,2122,0,0,0,100,0,10,Major Cities of Australia,7.118811881188119,7.9
312,NA,NA,NA,NA,NA,NA,NA,NA,NA,NA
313,NA,NA,NA,NA,NA,NA,NA,NA,NA,NA
314,3152,0,0,0,100,0,20,Major Cities of Australia,7.333333333333333,7.6
315,3046,0,0,0,100,0,20,Major Cities of Australia,4.169811320754717,5
316,3759,0,0,0,56.48,43.52,20,Major Cities of Australia,9,9.666666666666666
317,NA,NA,NA,NA,NA,NA,NA,NA,NA,NA
318,3280,0,0,0,0,99.96,21,Inner Regional Australia,4.7176470588235295,4.75
319,NA,NA,NA,NA,NA,NA,NA,NA,NA,NA
320,3091,0,0,0,100,0,20,Major Cities of Australia,8.625,8.714285714285714
321,3124,0,0,0,100,0,20,Major Cities of Australia,9.349397590361447,9
322,2131,0,0,0,100,0,10,Major Cities of Australia,5.578947368421052,6.714285714285714
323,5066,0,0,0,100,0,40,Major Cities of Australia,9.117647058823529,9.6
324,4218,0,0,0,99.98,0,30,Major Cities of Australia,6.625,7
325,7004,0,0,0,0,100,61,Inner Regional Australia,7.166666666666667,7.666666666666667
326,2913,0,0,0,100,0,80,Major Cities of Australia,8.445378151260504,9.6
327,2121,0,0,0,100,0,10,Major Cities of Australia,8.406976744186046,8.666666666666666
328,2560,0,0,0,25.44,74.56,11,Inner Regional Australia,4.082901554404145,5.384615384615385
329,2046,0,0,0,98.7,0,10,Major Cities of Australia,7.723684210526316,7.666666666666667
330,3825,42.56,0,0,0,57.44,21,Inner Regional Australia,3.5606060606060606,3.7777777777777777
331,3550,0,0,0,0,100,21,Inner Regional Australia,4.259541984732825,5.2
332,2321,0,0,0,15.7,84.3,11,Inner Regional Australia,5.753623188405797,5
333,3055,0,0,0,100,0,20,Major Cities of Australia,6.88135593220339,7.5
334,7011,0,0,0,0,99.93,61,Inner Regional Australia,3.24,2.8
335,3042,0,0,0,100,0,20,Major Cities of Australia,6.384615384615385,8
336,3078,0,0,0,100,0,20,Major Cities of Australia,8.387755102040817,9
337,NA,NA,NA,NA,NA,NA,NA,NA,NA,NA
338,3058,0,0,0,100,0,20,Major Cities of Australia,5.474747474747475,6.083333333333333
339,3072,0,0,0,100,0,20,Major Cities of Australia,4.549450549450549,5
340,3551,0,0,0,0,100,21,Inner Regional Australia,6.2155172413793105,4.466666666666667
341,6169,0,0,0,99.93,0,50,Major Cities of Australia,4.148148148148148,4.142857142857143
342,4020,0,0,0,99.82,0,30,Major Cities of Australia,4.5,3.25
343,3551,0,0,0,0,100,21,Inner Regional Australia,6.2155172413793105,4.466666666666667
344,3058,0,0,0,100,0,20,Major Cities of Australia,5.474747474747475,6.083333333333333
345,3161,0,0,0,100,0,20,Major Cities of Australia,8.642857142857142,9.375
346,6103,0,0,0,99.55,0,50,Major Cities of Australia,5.088235294117647,5.5
347,3174,0,0,0,100,0,20,Major Cities of Australia,2.1964285714285716,2.4444444444444446
348,4272,0,0,0,85.61,14.39,30,Major Cities of Australia,6.608695652173913,6.666666666666667
349,3429,0,0,0,50.38,49.62,20,Major Cities of Australia,6.163043478260869,7.666666666666667
350,NA,NA,NA,NA,NA,NA,NA,NA,NA,NA
351,NA,NA,NA,NA,NA,NA,NA,NA,NA,NA
352,3564,0.02,0,0,0,99.97999999999999,21,Inner Regional Australia,4.816666666666666,3.875
353,3076,0,0,0,100,0,20,Major Cities of Australia,4.052083333333333,3.8461538461538463
354,2518,0,0,0,99.76,0.14,10,Major Cities of Australia,4.254545454545455,5
355,3799,0,0,0,0,100,21,Inner Regional Australia,3.3333333333333335,4.4
356,2614,0,0,0,100,0,80,Major Cities of Australia,7.703125,8.076923076923077
357,NA,NA,NA,NA,NA,NA,NA,NA,NA,NA
358,3029,0,0,0,99.98,0.02,20,Major Cities of Australia,4.64,4.454545454545454
359,NA,NA,NA,NA,NA,NA,NA,NA,NA,NA
360,4218,0,0,0,99.98,0,30,Major Cities of Australia,6.625,7
361,3195,0,0,0,99.96,0,20,Major Cities of Australia,7.902912621359223,7
362,3683,0,0,0,0,100,21,Inner Regional Australia,5.785714285714286,5.5
363,3000,0,0,0,100,0,20,Major Cities of Australia,4.931034482758621,6.625
364,3442,0,0,0,0,100,21,Inner Regional Australia,7.896551724137931,8
365,3095,0,0,0,100,0,20,Major Cities of Australia,9.267326732673267,9.571428571428571
366,3148,0,0,0,100,0,20,Major Cities of Australia,6.185185185185185,8
367,2298,0,0,0,100,0,10,Major Cities of Australia,4.033333333333333,3.6
368,2298,0,0,0,100,0,10,Major Cities of Australia,4.033333333333333,3.6
369,3137,0,0,0,100,0,20,Major Cities of Australia,6.404255319148936,7
370,2756,70.92,0,0,6.43,22.64,12,Outer Regional Australia,5.9,6.909090909090909
371,2259,0,0,0,36.84,63.11,11,Inner Regional Australia,4.34,4.5625
372,2463,43.94,0,0,0,56.05,11,Inner Regional Australia,3.2,2.25
373,3199,0,0,0,99.94,0,20,Major Cities of Australia,5.256578947368421,6.142857142857143
374,NA,NA,NA,NA,NA,NA,NA,NA,NA,NA
375,3777,0,0,0,0,100,21,Inner Regional Australia,6,5.714285714285714
376,3690,0,0,0,0,100,21,Inner Regional Australia,4.616279069767442,4.6
377,2250,0,0,0,18.76,81.21,11,Inner Regional Australia,5.83248730964467,6.3125
378,2039,0,0,0,98.71,0,10,Major Cities of Australia,9.703703703703704,9.666666666666666
379,NA,NA,NA,NA,NA,NA,NA,NA,NA,NA
380,2446,73.34,0,0,0,26.66,12,Outer Regional Australia,4.157894736842105,3.5
381,2481,0,0,0,0,99.97,11,Inner Regional Australia,5.744186046511628,6
382,3070,0,0,0,100,0,20,Major Cities of Australia,7.368421052631579,8.5
383,3015,0,0,0,99.87,0,20,Major Cities of Australia,7.6,7.5
384,3135,0,0,0,100,0,20,Major Cities of Australia,6.875,6.625
385,3759,0,0,0,56.48,43.52,20,Major Cities of Australia,9,9.666666666666666
386,3084,0,0,0,100,0,20,Major Cities of Australia,8.506024096385541,7.875
387,3810,0,0,0,45.54,54.46,21,Inner Regional Australia,5.083333333333333,6.5
388,3977,0,0,0,78.19,21.8,20,Major Cities of Australia,5.135371179039302,5.666666666666667
389,3095,0,0,0,100,0,20,Major Cities of Australia,9.267326732673267,9.571428571428571
390,NA,NA,NA,NA,NA,NA,NA,NA,NA,NA
391,3400,100,0,0,0,0,22,Outer Regional Australia,4.45945945945946,5
392,3224,0,0,0,76.84,23.15,20,Major Cities of Australia,5.219512195121951,6
393,NA,NA,NA,NA,NA,NA,NA,NA,NA,NA
394,NA,NA,NA,NA,NA,NA,NA,NA,NA,NA
395,3401,100,0,0,0,0,22,Outer Regional Australia,5.944444444444445,3.857142857142857
396,6076,0,0,0,41.2,58.8,51,Inner Regional Australia,7.833333333333333,6.9
397,3000,0,0,0,100,0,20,Major Cities of Australia,4.931034482758621,6.625
398,3073,0,0,0,100,0,20,Major Cities of Australia,3.576923076923077,3.3636363636363638
399,3190,0,0,0,100,0,20,Major Cities of Australia,7.25,8.6
400,2536,0,0,0,0,99.98,11,Inner Regional Australia,4.068965517241379,4.5
401,3220,0,0,0,99.8,0,20,Major Cities of Australia,7.125,6
402,3630,0,0,0,0,100,21,Inner Regional Australia,3.488372093023256,3.3333333333333335
403,3072,0,0,0,100,0,20,Major Cities of Australia,4.549450549450549,5
404,3012,0,0,0,100,0,20,Major Cities of Australia,4.98936170212766,5
405,6053,0,0,0,99.98,0,50,Major Cities of Australia,6.037735849056604,5.75
406,5201,0,0,0,0,100,41,Inner Regional Australia,7.5,7.5
407,6164,0,0,0,100,0,50,Major Cities of Australia,7.063380281690141,8
408,3196,0,0,0,99.91,0,20,Major Cities of Australia,6.768115942028985,7.333333333333333
409,2259,0,0,0,36.84,63.11,11,Inner Regional Australia,4.34,4.5625
410,NA,NA,NA,NA,NA,NA,NA,NA,NA,NA
411,7000,0,0,0,0,99.86,61,Inner Regional Australia,6.5,7
412,2297,0,0,0,100,0,10,Major Cities of Australia,4.181818181818182,4
413,4218,0,0,0,99.98,0,30,Major Cities of Australia,6.625,7
414,2250,0,0,0,18.76,81.21,11,Inner Regional Australia,5.83248730964467,6.3125
415,NA,NA,NA,NA,NA,NA,NA,NA,NA,NA
416,NA,NA,NA,NA,NA,NA,NA,NA,NA,NA
417,2614,0,0,0,100,0,80,Major Cities of Australia,7.703125,8.076923076923077
418,3070,0,0,0,100,0,20,Major Cities of Australia,7.368421052631579,8.5
419,2304,0,0,0,99.85,0,10,Major Cities of Australia,3.4782608695652173,3.142857142857143
420,3172,0,0,0,100,0,20,Major Cities of Australia,4.08955223880597,4.1
421,2350,95.01,0,0,0,4.99,12,Outer Regional Australia,5.232876712328767,3.3333333333333335
422,2170,0,0,0,100,0,10,Major Cities of Australia,3.7335766423357666,3.5
423,3698,86.11,0,0,0,13.89,22,Outer Regional Australia,6.5,6
424,NA,NA,NA,NA,NA,NA,NA,NA,NA,NA
425,2335,0,0,0,0,100,11,Inner Regional Australia,6.071428571428571,4.8
426,NA,NA,NA,NA,NA,NA,NA,NA,NA,NA
427,2296,0,0,0,100,0,10,Major Cities of Australia,4.705882352941177,4
428,3810,0,0,0,45.54,54.46,21,Inner Regional Australia,5.083333333333333,6.5
429,2480,0,0,0,0,100,11,Inner Regional Australia,4.248322147651007,3.7
430,2289,0,0,0,100,0,10,Major Cities of Australia,6.970588235294118,6.333333333333333
431,2340,78.87,0,0,0,21.13,12,Outer Regional Australia,4.608391608391608,3.25
432,4730,0,0,100,0,0,34,Very Remote Australia,4.777777777777778,4
433,3806,0,0,0,100,0,20,Major Cities of Australia,7.408759124087592,7.363636363636363
434,3551,0,0,0,0,100,21,Inner Regional Australia,6.2155172413793105,4.466666666666667
435,3561,0,0,0,0,100,21,Inner Regional Australia,4.478260869565218,3.6666666666666665
436,NA,NA,NA,NA,NA,NA,NA,NA,NA,NA
437,5048,0,0,0,99.98,0,40,Major Cities of Australia,5.9787234042553195,6.5
438,2350,95.01,0,0,0,4.99,12,Outer Regional Australia,5.232876712328767,3.3333333333333335
439,3451,0,0,0,0,100,21,Inner Regional Australia,4.888888888888889,4.666666666666667
440,NA,NA,NA,NA,NA,NA,NA,NA,NA,NA
441,NA,NA,NA,NA,NA,NA,NA,NA,NA,NA
442,NA,NA,NA,NA,NA,NA,NA,NA,NA,NA
443,3806,0,0,0,100,0,20,Major Cities of Australia,7.408759124087592,7.363636363636363
444,4560,0,0,0,28.26,71.74,31,Inner Regional Australia,4.90566037735849,5.555555555555555
445,NA,NA,NA,NA,NA,NA,NA,NA,NA,NA
446,NA,NA,NA,NA,NA,NA,NA,NA,NA,NA
447,7325,99.99,0,0,0,0,62,Outer Regional Australia,3.4864864864864864,2.8
448,4105,0,0,0,100,0,30,Major Cities of Australia,7,7.5
449,NA,NA,NA,NA,NA,NA,NA,NA,NA,NA
450,3000,0,0,0,100,0,20,Major Cities of Australia,4.931034482758621,6.625
451,3216,0,0,0,77.88,22.12,20,Major Cities of Australia,6.3106060606060606,6.714285714285714
452,3035,NA,NA,NA,NA,NA,NA,NA,NA,NA
453,2350,95.01,0,0,0,4.99,12,Outer Regional Australia,5.232876712328767,3.3333333333333335
454,NA,NA,NA,NA,NA,NA,NA,NA,NA,NA
455,3011,0,0,0,100,0,20,Major Cities of Australia,5.333333333333333,6.333333333333333
456,3073,0,0,0,100,0,20,Major Cities of Australia,3.576923076923077,3.3636363636363638
457,3021,0,0,0,100,0,20,Major Cities of Australia,1.7417218543046358,3.3076923076923075
458,2820,100,0,0,0,0,12,Outer Regional Australia,3.25,3.6666666666666665
459,7019,0,0,0,0,99.93,61,Inner Regional Australia,4.4,6
460,3996,0,0,0,0,99.98,21,Inner Regional Australia,5.95,4.25
461,4218,0,0,0,99.98,0,30,Major Cities of Australia,6.625,7
462,7000,0,0,0,0,99.86,61,Inner Regional Australia,6.5,7
463,6108,0,0,0,100,0,50,Major Cities of Australia,4.784810126582278,4.714285714285714
464,3055,0,0,0,100,0,20,Major Cities of Australia,6.88135593220339,7.5
465,3194,0,0,0,99.98,0,20,Major Cities of Australia,7.481481481481482,7.428571428571429
466,3212,0,0,0,27.48,72.47,21,Inner Regional Australia,5.7317073170731705,4
467,3031,0,0,0,100,0,20,Major Cities of Australia,6.533333333333333,5.857142857142857
468,3796,0,0,0,100,0,20,Major Cities of Australia,7.473684210526316,8
469,3020,0,0,0,100,0,20,Major Cities of Australia,1.8760330578512396,3.230769230769231
470,3217,0,0,0,45.01,54.99,21,Inner Regional Australia,6.9655172413793105,6.75
471,3058,0,0,0,100,0,20,Major Cities of Australia,5.474747474747475,6.083333333333333
472,4218,0,0,0,99.98,0,30,Major Cities of Australia,6.625,7
473,NA,NA,NA,NA,NA,NA,NA,NA,NA,NA
474,3804,0,0,0,100,0,20,Major Cities of Australia,7.104166666666667,6.8
475,2010,0,0,0,100,0,10,Major Cities of Australia,7.404761904761905,7.166666666666667
476,3142,0,0,0,100,0,20,Major Cities of Australia,9.522727272727273,9
477,3024,0,0,0,54.62,45.38,20,Major Cities of Australia,4.8311688311688314,3.8333333333333335
478,2601,0,0,0,100,0,80,Major Cities of Australia,8.9,9
479,5422,100,0,0,0,0,42,Outer Regional Australia,3.272727272727273,2.75
480,2533,0,0,0,0.01,99.89,11,Inner Regional Australia,7.755102040816326,7.666666666666667
481,2731,88.30000000000001,0,0,0,11.7,12,Outer Regional Australia,5.142857142857143,4.166666666666667
482,3081,0,0,0,100,0,20,Major Cities of Australia,4.558139534883721,5.857142857142857
483,2064,0,0,0,100,0,10,Major Cities of Australia,8.348837209302326,9.4
484,3161,0,0,0,100,0,20,Major Cities of Australia,8.642857142857142,9.375
485,3446,0,0,0,0,100,21,Inner Regional Australia,6.363636363636363,5.333333333333333
486,3115,0,0,0,69.47,30.53,20,Major Cities of Australia,9.058823529411764,9.6
487,NA,NA,NA,NA,NA,NA,NA,NA,NA,NA
488,3977,0,0,0,78.19,21.8,20,Major Cities of Australia,5.135371179039302,5.666666666666667
489,5422,100,0,0,0,0,42,Outer Regional Australia,3.272727272727273,2.75
490,3200,0,0,0,100,0,20,Major Cities of Australia,2.1538461538461537,4.5
491,2731,88.30000000000001,0,0,0,11.7,12,Outer Regional Australia,5.142857142857143,4.166666666666667
492,4405,62.45,0,0,0,37.55,32,Outer Regional Australia,4.233333333333333,2.5714285714285716
493,3121,0,0,0,100,0,20,Major Cities of Australia,8.392857142857142,8.125
494,3000,0,0,0,100,0,20,Major Cities of Australia,4.931034482758621,6.625
495,3201,0,0,0,100,0,20,Major Cities of Australia,4.75,5
496,2290,0,0,0,99.97,0,10,Major Cities of Australia,5.776859504132231,6.111111111111111
497,2480,0,0,0,0,100,11,Inner Regional Australia,4.248322147651007,3.7
498,5422,100,0,0,0,0,42,Outer Regional Australia,3.272727272727273,2.75
499,3084,0,0,0,100,0,20,Major Cities of Australia,8.506024096385541,7.875
500,2731,88.30000000000001,0,0,0,11.7,12,Outer Regional Australia,5.142857142857143,4.166666666666667
501,852,0,1.67,98.32,0,0,74,Very Remote Australia,2.509433962264151,1.4285714285714286
502,3191,0,0,0,99.76,0,20,Major Cities of Australia,9.181818181818182,9.333333333333334
503,2663,46.72,0,0,0,53.28,11,Inner Regional Australia,4.05,3.5
504,2001,NA,NA,NA,NA,NA,NA,NA,NA,NA
505,7250,0.01,0,0,0,99.97,61,Inner Regional Australia,4.8344370860927155,4.181818181818182
506,3058,0,0,0,100,0,20,Major Cities of Australia,5.474747474747475,6.083333333333333
507,3083,0,0,0,100,0,20,Major Cities of Australia,5.388349514563107,4.9
